{
  "SPY": {
    "vsn_hidden_dim": 32,
    "lstm_hidden_dim": 32,
    "lstm_num_layers": 1,
    "lstm_dropout": 0.12974515290810934,
    "vsn_dropout": 0.23934122744344755,
    "lr": 0.0036546282438620933,
    "batch_size": 64
  },
  "TLT.O": {
    "vsn_hidden_dim": 32,
    "lstm_hidden_dim": 16,
    "lstm_num_layers": 2,
    "lstm_dropout": 0.10871512815442452,
    "vsn_dropout": 0.24304854296721715,
    "lr": 0.0035376654500754016,
    "batch_size": 32
  },
  "GLD": {
    "vsn_hidden_dim": 64,
    "lstm_hidden_dim": 128,
    "lstm_num_layers": 1,
    "lstm_dropout": 0.29622306433065226,
    "vsn_dropout": 0.02766254679510692,
    "lr": 0.004178947700463648,
    "batch_size": 128
  },
  "XLE": {
    "vsn_hidden_dim": 64,
    "lstm_hidden_dim": 32,
    "lstm_num_layers": 2,
    "lstm_dropout": 0.06611308397679533,
    "vsn_dropout": 0.10481977444471507,
    "lr": 0.002335960437076757,
    "batch_size": 32
  }
}