{"mean": [0.4171198261924597, 19.11479487179487, 0.15849736130032785, 2.092351648351648, 2.42840293040293, 52.645744975795544, 0.9742747252747255, -5.6776556776557e-05, 0.007766257573888273, -2.1978021978021225e-05, 0.000192969974039351, 0.0019666092790967924], "std": [1.715510819510152, 8.63038844017186, 0.07128913612743652, 0.40335329882058, 0.7867654226776131, 12.453325873657091, 0.9505413945962804, 0.03339924545458205, 0.04668861440629647, 0.03018926064610543, 0.025601691781254893, 0.024091663615525213]}