{
  "vsn_hidden_dim": 32,
  "lstm_hidden_dim": 32,
  "lstm_num_layers": 1,
  "lstm_dropout": 0.12974515290810934,
  "vsn_dropout": 0.23934122744344755,
  "lr": 0.0036546282438620933,
  "batch_size": 64
}