{"mean": [0.0015613276853047421, 2.42840293040293, 0.9742747252747255, 0.7091701498689523, 0.15392383212757724, 0.006360007264911931, 54.91842021769275, 2.092351648351648, 0.002591575091575095, 7.404172457257295e-07, 3.552209629316263e-05, 5.635368990718378e-05], "std": [0.024003313161189862, 0.7867654226776131, 0.9505413945962804, 3.028441904993145, 0.10955409235301271, 0.04553042514483893, 11.539825756402784, 0.40335329882058, 1.8797386143018713, 0.009099200938724995, 0.004702860111582007, 0.49022684639600533]}