{"mean": [0.13414692283888519, 0.0020135928232796747, 2.092351648351648, 0.9742747252747255, 19.11479487179487, -2.1978021978021225e-05, 6.902548272342132e-05, 2.42840293040293, -2.492978363874623e-06, 0.00016991744800661776, 5.635368990718378e-05, 0.000192969974039351], "std": [0.055493193962766175, 1.0952286864302028, 0.40335329882058, 0.9505413945962804, 8.63038844017186, 0.03018926064610543, 0.037039672321709544, 0.7867654226776131, 0.018928306025791295, 0.018623858898078667, 0.49022684639600533, 0.025601691781254893]}