{"mean": [0.2519496980872572, 0.9742747252747255, 0.03428662562145783, 2.092351648351648, 2.42840293040293, 51.90427781394441, 0.0008665322415755414, 19.11479487179487, 0.002591575091575095, 0.00016991744800661776, -5.6776556776557e-05, 7.404172457257295e-07], "std": [0.156241868203683, 0.9505413945962804, 0.56349021579375, 0.40335329882058, 0.7867654226776131, 11.727859961951216, 0.039686001224985924, 8.63038844017186, 1.8797386143018713, 0.018623858898078667, 0.03339924545458205, 0.009099200938724995]}