{
  "lstm_hidden_dim": 32,
  "lstm_num_layers": 2,
  "lstm_dropout": 0.2756353587555571,
  "vsn_dropout": 0.13491623046150894,
  "lr": 0.0003385254188638167,
  "batch_size": 512
}