{
  "vsn_hidden_dim": 32,
  "lstm_hidden_dim": 128,
  "lstm_num_layers": 1,
  "lstm_dropout": 0.09921494062235345,
  "vsn_dropout": 0.24182370993033964,
  "lr": 0.00020867796168641444,
  "batch_size": 32
}