{
  "vsn_hidden_dim": 16,
  "lstm_hidden_dim": 128,
  "lstm_num_layers": 2,
  "lstm_dropout": 0.16071531621654572,
  "vsn_dropout": 0.1490461164283185,
  "lr": 0.003768532258132351,
  "batch_size": 128
}