{
  "vsn_hidden_dim": 32,
  "lstm_hidden_dim": 128,
  "lstm_num_layers": 2,
  "lstm_dropout": 0.0614965975297944,
  "vsn_dropout": 0.21528233759022455,
  "lr": 0.0009907142459607715,
  "batch_size": 128
}